nil,18,1234,niltomasplans@gmail.com,barcelona,btt,rcde
Anshpreet,18,1234,ashpreet@gmail.com,girona,futbol,rmfc
Sophia,22,1234,sophiajohnson@gmail.com,LosAngeles,hiking,photography
Ella,29,1234,ellasmith@gmail.com,Chicago,yoga,reading
Alexander,27,1234,alexanderlee@gmail.com,Miami,swimming,beachvolleyball
Victoria,24,1234,victoriawang@gmail.com,SanFrancisco,baking,hiking
Henry,33,1234,henrybrown@gmail.com,Austin,cooking,football
Charlotte,28,1234,charlottegarcia@gmail.com,Dallas,traveling,movies
Joseph,30,1234,josephrodriguez@gmail.com,Phoenix,boxing,football
Isabella,25,1234,isabellahernandez@gmail.com,Seattle,reading,coffee
Michael,31,1234,michaelsanchez@gmail.com,Boston,soccer,cooking
Mia,21,1234,miahall@gmail.com,Philadelphia,painting,dancing
David,36,1234,davidmartinez@gmail.com,Houston,tennis,reading
Emily,26,1234,emilydavis@gmail.com,Detroit,running,music
Daniel,23,1234,danieljackson@gmail.com,Portland,photography,hiking
Olivia,32,1234,oliviamartin@gmail.com,SanDiego,swimming,beachvolleyball
James,19,1234,jameswilson@gmail.com,Atlanta,baseball,music
Emma,34,1234,emmaclark@gmail.com,Denver,yoga,hiking
Benjamin,20,1234,benjaminlee@gmail.com,WashingtonDC,basketball,coffee
Alexander,27,1234,alexanderlee@gmail.com,Miami,swimming,beachvolleyball